<metadata xml:lang="en"><Esri><CreaDate>20220331</CreaDate><CreaTime>14273500</CreaTime><ArcGISFormat>1.0</ArcGISFormat><SyncOnce>FALSE</SyncOnce><DataProperties><lineage><Process Name="Raster to Polygon" ToolSource="c:\program files\arcgis\pro\Resources\ArcToolbox\toolboxes\Conversion Tools.tbx\RasterToPolygon" Date="20220331" Time="142735">RasterToPolygon "D:\Research\PhD\Multi-temporal\New Zealand\Predictions\Final Predictions\Raster\A1\2016\strip111213" "D:\Research\PhD\Multi-temporal\New Zealand\New Zealand\Default.gdb\RasterToPolygon_OutPolygonFeatures_strip111213" NO_SIMPLIFY VALUE SINGLE_OUTER_PART #</Process><Process ToolSource="c:\program files\arcgis\pro\Resources\ArcToolbox\toolboxes\Data Management Tools.tbx\CopyFeatures" Date="20220331" Time="143022">CopyFeatures "D:\Research\PhD\Multi-temporal\New Zealand\New Zealand\Default.gdb\RasterToPolygon_OutPolygonFeatures_strip111213" "D:\Research\PhD\Multi-temporal\New Zealand\Predictions\Final Predictions\Vector\A1\2016\RasterToPolygon_OutPolygonFeatures_strip111213.shp" # # # #</Process><Process ToolSource="c:\program files\arcgis\pro\Resources\ArcToolbox\toolboxes\Data Management Tools.tbx\Rename" Date="20220331" Time="144432">Rename "D:\Research\PhD\Multi-temporal\New Zealand\Predictions\Final Predictions\Vector\A1\2016\RasterToPolygon_OutPolygonFeatures_strip111213.shp" "D:\Research\PhD\Multi-temporal\New Zealand\Predictions\Final Predictions\Vector\A1\2016\A1_2016_strip111213.shp" ShapeFile</Process><Process ToolSource="c:\program files\arcgis\pro\Resources\ArcToolbox\toolboxes\Data Management Tools.tbx\Merge" Date="20220509" Time="122424">Merge 'Prediction inventories\2016\A1_2016_strip111213';'Prediction inventories\2016\A2_2016_strip1112';'Prediction inventories\2016\A1_2016_strip910';'Prediction inventories\2016\A2_2016_strip910';'Prediction inventories\2016\A1_2016_strip78';'Prediction inventories\2016\A2_2016_strip78';'Prediction inventories\2016\A1_2016_strip56';'Prediction inventories\2016\A2_2016_strip56';'Prediction inventories\2016\A1_2016_strip34';'Prediction inventories\2016\A2_2016_strip34';'Prediction inventories\2016\A1_2016_strip12';'Prediction inventories\2016\A2_2016_strip12' "E:\Research\PhD\Multi-temporal\New Zealand\Predictions\Merged\2016.shp" "Id "Id" true true false 10 Long 0 10,First,#,Prediction inventories\2016\A1_2016_strip111213,Id,-1,-1,Prediction inventories\2016\A2_2016_strip1112,Id,-1,-1,Prediction inventories\2016\A1_2016_strip910,Id,-1,-1,Prediction inventories\2016\A2_2016_strip910,Id,-1,-1,Prediction inventories\2016\A1_2016_strip78,Id,-1,-1,Prediction inventories\2016\A2_2016_strip78,Id,-1,-1,Prediction inventories\2016\A1_2016_strip56,Id,-1,-1,Prediction inventories\2016\A2_2016_strip56,Id,-1,-1,Prediction inventories\2016\A1_2016_strip34,Id,-1,-1,Prediction inventories\2016\A2_2016_strip34,Id,-1,-1,Prediction inventories\2016\A1_2016_strip12,Id,-1,-1,Prediction inventories\2016\A2_2016_strip12,Id,-1,-1;gridcode "gridcode" true true false 10 Long 0 10,First,#,Prediction inventories\2016\A1_2016_strip111213,gridcode,-1,-1,Prediction inventories\2016\A2_2016_strip1112,gridcode,-1,-1,Prediction inventories\2016\A1_2016_strip910,gridcode,-1,-1,Prediction inventories\2016\A2_2016_strip910,gridcode,-1,-1,Prediction inventories\2016\A1_2016_strip78,gridcode,-1,-1,Prediction inventories\2016\A2_2016_strip78,gridcode,-1,-1,Prediction inventories\2016\A1_2016_strip56,gridcode,-1,-1,Prediction inventories\2016\A2_2016_strip56,gridcode,-1,-1,Prediction inventories\2016\A1_2016_strip34,gridcode,-1,-1,Prediction inventories\2016\A2_2016_strip34,gridcode,-1,-1,Prediction inventories\2016\A1_2016_strip12,gridcode,-1,-1,Prediction inventories\2016\A2_2016_strip12,gridcode,-1,-1;Shape_Leng "Shape_Leng" true true false 19 Double 0 0,First,#,Prediction inventories\2016\A1_2016_strip111213,Shape_Leng,-1,-1,Prediction inventories\2016\A2_2016_strip1112,Shape_Leng,-1,-1,Prediction inventories\2016\A1_2016_strip910,Shape_Leng,-1,-1,Prediction inventories\2016\A2_2016_strip910,Shape_Leng,-1,-1,Prediction inventories\2016\A1_2016_strip78,Shape_Leng,-1,-1,Prediction inventories\2016\A2_2016_strip78,Shape_Leng,-1,-1,Prediction inventories\2016\A1_2016_strip56,Shape_Leng,-1,-1,Prediction inventories\2016\A2_2016_strip56,Shape_Leng,-1,-1,Prediction inventories\2016\A1_2016_strip34,Shape_Leng,-1,-1,Prediction inventories\2016\A2_2016_strip34,Shape_Leng,-1,-1,Prediction inventories\2016\A1_2016_strip12,Shape_Leng,-1,-1,Prediction inventories\2016\A2_2016_strip12,Shape_Leng,-1,-1;Shape_Area "Shape_Area" true true false 19 Double 0 0,First,#,Prediction inventories\2016\A1_2016_strip111213,Shape_Area,-1,-1,Prediction inventories\2016\A2_2016_strip1112,Shape_Area,-1,-1,Prediction inventories\2016\A1_2016_strip910,Shape_Area,-1,-1,Prediction inventories\2016\A2_2016_strip910,Shape_Area,-1,-1,Prediction inventories\2016\A1_2016_strip78,Shape_Area,-1,-1,Prediction inventories\2016\A2_2016_strip78,Shape_Area,-1,-1,Prediction inventories\2016\A1_2016_strip56,Shape_Area,-1,-1,Prediction inventories\2016\A2_2016_strip56,Shape_Area,-1,-1,Prediction inventories\2016\A1_2016_strip34,Shape_Area,-1,-1,Prediction inventories\2016\A2_2016_strip34,Shape_Area,-1,-1,Prediction inventories\2016\A1_2016_strip12,Shape_Area,-1,-1,Prediction inventories\2016\A2_2016_strip12,Shape_Area,-1,-1" NO_SOURCE_INFO</Process><Process ToolSource="c:\program files\arcgis\pro\Resources\ArcToolbox\toolboxes\Data Management Tools.tbx\CalculateGeometryAttributes" Date="20220509" Time="124636">CalculateGeometryAttributes "Prediction inventories\2016\2016" "Shape_Area AREA" # "Square meters" PROJCS["WGS_1984_Web_Mercator_Auxiliary_Sphere",GEOGCS["GCS_WGS_1984",DATUM["D_WGS_1984",SPHEROID["WGS_1984",6378137.0,298.257223563]],PRIMEM["Greenwich",0.0],UNIT["Degree",0.0174532925199433]],PROJECTION["Mercator_Auxiliary_Sphere"],PARAMETER["False_Easting",0.0],PARAMETER["False_Northing",0.0],PARAMETER["Central_Meridian",0.0],PARAMETER["Standard_Parallel_1",0.0],PARAMETER["Auxiliary_Sphere_Type",0.0],UNIT["Meter",1.0]] "Same as input"</Process><Process ToolSource="c:\program files\arcgis\pro\Resources\ArcToolbox\toolboxes\Data Management Tools.tbx\CalculateGeometryAttributes" Date="20220509" Time="124649">CalculateGeometryAttributes "Prediction inventories\2016\2016" "Shape_Leng PERIMETER_LENGTH" Meters # PROJCS["WGS_1984_Web_Mercator_Auxiliary_Sphere",GEOGCS["GCS_WGS_1984",DATUM["D_WGS_1984",SPHEROID["WGS_1984",6378137.0,298.257223563]],PRIMEM["Greenwich",0.0],UNIT["Degree",0.0174532925199433]],PROJECTION["Mercator_Auxiliary_Sphere"],PARAMETER["False_Easting",0.0],PARAMETER["False_Northing",0.0],PARAMETER["Central_Meridian",0.0],PARAMETER["Standard_Parallel_1",0.0],PARAMETER["Auxiliary_Sphere_Type",0.0],UNIT["Meter",1.0]] "Same as input"</Process><Process ToolSource="c:\program files\arcgis\pro\Resources\ArcToolbox\toolboxes\Data Management Tools.tbx\DeleteField" Date="20220515" Time="223117">DeleteField 2016 Id</Process><Process ToolSource="c:\program files\arcgis\pro\Resources\ArcToolbox\toolboxes\Data Management Tools.tbx\UpdateSchema" Date="20220515" Time="223122">UpdateSchema "CIMDATA=&lt;CIMStandardDataConnection xsi:type='typens:CIMStandardDataConnection' xmlns:xsi='http://www.w3.org/2001/XMLSchema-instance' xmlns:xs='http://www.w3.org/2001/XMLSchema' xmlns:typens='http://www.esri.com/schemas/ArcGIS/2.8.0'&gt;&lt;WorkspaceConnectionString&gt;DATABASE=E:\Research\PhD\Multi-temporal\New Zealand\Predictions\Merged&lt;/WorkspaceConnectionString&gt;&lt;WorkspaceFactory&gt;Shapefile&lt;/WorkspaceFactory&gt;&lt;Dataset&gt;2016.shp&lt;/Dataset&gt;&lt;DatasetType&gt;esriDTFeatureClass&lt;/DatasetType&gt;&lt;/CIMStandardDataConnection&gt;" &lt;operationSequence&gt;&lt;workflow&gt;&lt;AddField&gt;&lt;field_name&gt;ID&lt;/field_name&gt;&lt;field_type&gt;LONG&lt;/field_type&gt;&lt;field_is_nullable&gt;False&lt;/field_is_nullable&gt;&lt;field_is_required&gt;False&lt;/field_is_required&gt;&lt;/AddField&gt;&lt;/workflow&gt;&lt;/operationSequence&gt;</Process><Process ToolSource="c:\program files\arcgis\pro\Resources\ArcToolbox\toolboxes\Data Management Tools.tbx\CalculateField" Date="20220515" Time="223130">CalculateField 2016 ID !FID! "Python 3" # Text NO_ENFORCE_DOMAINS</Process><Process ToolSource="c:\program files\arcgis\pro\Resources\ArcToolbox\toolboxes\Data Management Tools.tbx\CalculateGeometryAttributes" Date="20220515" Time="223153">CalculateGeometryAttributes 2016 "Shape_Area AREA" # "Square meters" PROJCS["WGS_1984_UTM_Zone_59S",GEOGCS["GCS_WGS_1984",DATUM["D_WGS_1984",SPHEROID["WGS_1984",6378137.0,298.257223563]],PRIMEM["Greenwich",0.0],UNIT["Degree",0.0174532925199433]],PROJECTION["Transverse_Mercator"],PARAMETER["False_Easting",500000.0],PARAMETER["False_Northing",10000000.0],PARAMETER["Central_Meridian",171.0],PARAMETER["Scale_Factor",0.9996],PARAMETER["Latitude_Of_Origin",0.0],UNIT["Meter",1.0]] "Same as input"</Process><Process ToolSource="c:\program files\arcgis\pro\Resources\ArcToolbox\toolboxes\Data Management Tools.tbx\UpdateSchema" Date="20220808" Time="152016">UpdateSchema "CIMDATA=&lt;CIMStandardDataConnection xsi:type='typens:CIMStandardDataConnection' xmlns:xsi='http://www.w3.org/2001/XMLSchema-instance' xmlns:xs='http://www.w3.org/2001/XMLSchema' xmlns:typens='http://www.esri.com/schemas/ArcGIS/2.8.0'&gt;&lt;WorkspaceConnectionString&gt;DATABASE=F:\Research\PhD\Multi-temporal\New Zealand\Predictions\Merged&lt;/WorkspaceConnectionString&gt;&lt;WorkspaceFactory&gt;Shapefile&lt;/WorkspaceFactory&gt;&lt;Dataset&gt;2016.shp&lt;/Dataset&gt;&lt;DatasetType&gt;esriDTFeatureClass&lt;/DatasetType&gt;&lt;/CIMStandardDataConnection&gt;" &lt;operationSequence&gt;&lt;workflow&gt;&lt;AddField&gt;&lt;field_name&gt;Area&lt;/field_name&gt;&lt;field_type&gt;DOUBLE&lt;/field_type&gt;&lt;field_is_nullable&gt;False&lt;/field_is_nullable&gt;&lt;field_is_required&gt;False&lt;/field_is_required&gt;&lt;/AddField&gt;&lt;/workflow&gt;&lt;workflow&gt;&lt;AddField&gt;&lt;field_name&gt;Year&lt;/field_name&gt;&lt;field_type&gt;LONG&lt;/field_type&gt;&lt;field_is_nullable&gt;False&lt;/field_is_nullable&gt;&lt;field_is_required&gt;False&lt;/field_is_required&gt;&lt;/AddField&gt;&lt;/workflow&gt;&lt;/operationSequence&gt;</Process><Process ToolSource="c:\program files\arcgis\pro\Resources\ArcToolbox\toolboxes\Data Management Tools.tbx\CalculateField" Date="20220808" Time="152026">CalculateField "Multi-temporal predicted landslides\2016" Area !Shape_Area! "Python 3" # Text NO_ENFORCE_DOMAINS</Process><Process ToolSource="c:\program files\arcgis\pro\Resources\ArcToolbox\toolboxes\Data Management Tools.tbx\CalculateField" Date="20220808" Time="152032">CalculateField "Multi-temporal predicted landslides\2016" Year 2016 "Python 3" # Text NO_ENFORCE_DOMAINS</Process><Process ToolSource="c:\program files\arcgis\pro\Resources\ArcToolbox\toolboxes\Conversion Tools.tbx\FeatureClassToFeatureClass" Date="20220915" Time="153346">FeatureClassToFeatureClass "MT Predictions Polygons\2016" "F:\Research\PhD\Multi-temporal\New Zealand\FINAL MT INVENTORY" 2016.shp # "gridcode "gridcode" true true false 10 Long 0 10,First,#,MT Predictions Polygons\2016,gridcode,-1,-1;Shape_Leng "Shape_Leng" true true false 19 Double 0 0,First,#,MT Predictions Polygons\2016,Shape_Leng,-1,-1;Shape_Area "Shape_Area" true true false 19 Double 0 0,First,#,MT Predictions Polygons\2016,Shape_Area,-1,-1;ID "ID" true true false 10 Long 0 10,First,#,MT Predictions Polygons\2016,ID,-1,-1;Area "Area" true true false 19 Double 0 0,First,#,MT Predictions Polygons\2016,Area,-1,-1;Year "Year" true true false 10 Long 0 10,First,#,MT Predictions Polygons\2016,Year,-1,-1" #</Process></lineage><itemProps><itemName Sync="TRUE">2016</itemName><imsContentType Sync="TRUE">002</imsContentType><itemSize Sync="TRUE">0.000</itemSize><itemLocation><linkage Sync="TRUE">file://\\KUSHANAV-ROG\F$\Research\PhD\Multi-temporal\New Zealand\FINAL MT INVENTORY\2016.shp</linkage><protocol Sync="TRUE">Local Area Network</protocol></itemLocation></itemProps><coordRef><type Sync="TRUE">Projected</type><geogcsn Sync="TRUE">GCS_WGS_1984</geogcsn><csUnits Sync="TRUE">Linear Unit: Meter (1.000000)</csUnits><projcsn Sync="TRUE">WGS_1984_UTM_Zone_59S</projcsn><peXml Sync="TRUE">&lt;ProjectedCoordinateSystem xsi:type='typens:ProjectedCoordinateSystem' xmlns:xsi='http://www.w3.org/2001/XMLSchema-instance' xmlns:xs='http://www.w3.org/2001/XMLSchema' xmlns:typens='http://www.esri.com/schemas/ArcGIS/2.8.0'&gt;&lt;WKT&gt;PROJCS[&amp;quot;WGS_1984_UTM_Zone_59S&amp;quot;,GEOGCS[&amp;quot;GCS_WGS_1984&amp;quot;,DATUM[&amp;quot;D_WGS_1984&amp;quot;,SPHEROID[&amp;quot;WGS_1984&amp;quot;,6378137.0,298.257223563]],PRIMEM[&amp;quot;Greenwich&amp;quot;,0.0],UNIT[&amp;quot;Degree&amp;quot;,0.0174532925199433]],PROJECTION[&amp;quot;Transverse_Mercator&amp;quot;],PARAMETER[&amp;quot;False_Easting&amp;quot;,500000.0],PARAMETER[&amp;quot;False_Northing&amp;quot;,10000000.0],PARAMETER[&amp;quot;Central_Meridian&amp;quot;,171.0],PARAMETER[&amp;quot;Scale_Factor&amp;quot;,0.9996],PARAMETER[&amp;quot;Latitude_Of_Origin&amp;quot;,0.0],UNIT[&amp;quot;Meter&amp;quot;,1.0],AUTHORITY[&amp;quot;EPSG&amp;quot;,32759]]&lt;/WKT&gt;&lt;XOrigin&gt;-5120900&lt;/XOrigin&gt;&lt;YOrigin&gt;1900&lt;/YOrigin&gt;&lt;XYScale&gt;450445547.3910538&lt;/XYScale&gt;&lt;ZOrigin&gt;-100000&lt;/ZOrigin&gt;&lt;ZScale&gt;10000&lt;/ZScale&gt;&lt;MOrigin&gt;-100000&lt;/MOrigin&gt;&lt;MScale&gt;10000&lt;/MScale&gt;&lt;XYTolerance&gt;0.001&lt;/XYTolerance&gt;&lt;ZTolerance&gt;0.001&lt;/ZTolerance&gt;&lt;MTolerance&gt;0.001&lt;/MTolerance&gt;&lt;HighPrecision&gt;true&lt;/HighPrecision&gt;&lt;WKID&gt;32759&lt;/WKID&gt;&lt;LatestWKID&gt;32759&lt;/LatestWKID&gt;&lt;/ProjectedCoordinateSystem&gt;</peXml></coordRef></DataProperties><SyncDate>20220915</SyncDate><SyncTime>15334500</SyncTime><ModDate>20220915</ModDate><ModTime>15334500</ModTime></Esri><dataIdInfo><envirDesc Sync="TRUE">Microsoft Windows 10 Version 10.0 (Build 22000) ; Esri ArcGIS 12.8.3.29751</envirDesc><dataLang><languageCode value="eng" Sync="TRUE"></languageCode><countryCode value="GBR" Sync="TRUE"></countryCode></dataLang><idCitation><resTitle Sync="TRUE">2016</resTitle><presForm><PresFormCd value="005" Sync="TRUE"></PresFormCd></presForm></idCitation><spatRpType><SpatRepTypCd value="001" Sync="TRUE"></SpatRepTypCd></spatRpType></dataIdInfo><mdLang><languageCode value="eng" Sync="TRUE"></languageCode><countryCode value="GBR" Sync="TRUE"></countryCode></mdLang><distInfo><distFormat><formatName Sync="TRUE">Shapefile</formatName></distFormat><distTranOps><transSize Sync="TRUE">0.000</transSize></distTranOps></distInfo><mdHrLv><ScopeCd value="005" Sync="TRUE"></ScopeCd></mdHrLv><mdHrLvName Sync="TRUE">dataset</mdHrLvName><refSysInfo><RefSystem><refSysID><identCode code="32759" Sync="TRUE"></identCode><idCodeSpace Sync="TRUE">EPSG</idCodeSpace><idVersion Sync="TRUE">9.8.8(3.0.1)</idVersion></refSysID></RefSystem></refSysInfo><spatRepInfo><VectSpatRep><geometObjs Name="2016"><geoObjTyp><GeoObjTypCd value="002" Sync="TRUE"></GeoObjTypCd></geoObjTyp><geoObjCnt Sync="TRUE">0</geoObjCnt></geometObjs><topLvl><TopoLevCd value="001" Sync="TRUE"></TopoLevCd></topLvl></VectSpatRep></spatRepInfo><spdoinfo><ptvctinf><esriterm Name="2016"><efeatyp Sync="TRUE">Simple</efeatyp><efeageom code="4" Sync="TRUE"></efeageom><esritopo Sync="TRUE">FALSE</esritopo><efeacnt Sync="TRUE">0</efeacnt><spindex Sync="TRUE">FALSE</spindex><linrefer Sync="TRUE">FALSE</linrefer></esriterm></ptvctinf></spdoinfo><eainfo><detailed Name="2016"><enttyp><enttypl Sync="TRUE">2016</enttypl><enttypt Sync="TRUE">Feature Class</enttypt><enttypc Sync="TRUE">0</enttypc></enttyp><attr><attrlabl Sync="TRUE">FID</attrlabl><attalias Sync="TRUE">FID</attalias><attrtype Sync="TRUE">OID</attrtype><attwidth Sync="TRUE">4</attwidth><atprecis Sync="TRUE">0</atprecis><attscale Sync="TRUE">0</attscale><attrdef Sync="TRUE">Internal feature number.</attrdef><attrdefs Sync="TRUE">Esri</attrdefs><attrdomv><udom Sync="TRUE">Sequential unique whole numbers that are automatically generated.</udom></attrdomv></attr><attr><attrlabl Sync="TRUE">Shape</attrlabl><attalias Sync="TRUE">Shape</attalias><attrtype Sync="TRUE">Geometry</attrtype><attwidth Sync="TRUE">0</attwidth><atprecis Sync="TRUE">0</atprecis><attscale Sync="TRUE">0</attscale><attrdef Sync="TRUE">Feature geometry.</attrdef><attrdefs Sync="TRUE">Esri</attrdefs><attrdomv><udom Sync="TRUE">Coordinates defining the features.</udom></attrdomv></attr><attr><attrlabl Sync="TRUE">Id</attrlabl><attalias Sync="TRUE">ID</attalias><attrtype Sync="TRUE">Integer</attrtype><attwidth Sync="TRUE">10</attwidth><atprecis Sync="TRUE">10</atprecis><attscale Sync="TRUE">0</attscale></attr><attr><attrlabl Sync="TRUE">gridcode</attrlabl><attalias Sync="TRUE">gridcode</attalias><attrtype Sync="TRUE">Integer</attrtype><attwidth Sync="TRUE">10</attwidth><atprecis Sync="TRUE">10</atprecis><attscale Sync="TRUE">0</attscale></attr><attr><attrlabl Sync="TRUE">Shape_Leng</attrlabl><attalias Sync="TRUE">Shape_Leng</attalias><attrtype Sync="TRUE">Double</attrtype><attwidth Sync="TRUE">19</attwidth><atprecis Sync="TRUE">0</atprecis><attscale Sync="TRUE">0</attscale></attr><attr><attrlabl Sync="TRUE">Shape_Area</attrlabl><attalias Sync="TRUE">Shape_Area</attalias><attrtype Sync="TRUE">Double</attrtype><attwidth Sync="TRUE">19</attwidth><atprecis Sync="TRUE">0</atprecis><attscale Sync="TRUE">0</attscale><attrdef Sync="TRUE">Area of feature in internal units squared.</attrdef><attrdefs Sync="TRUE">Esri</attrdefs><attrdomv><udom Sync="TRUE">Positive real numbers that are automatically generated.</udom></attrdomv></attr><attr><attrlabl Sync="TRUE">Area</attrlabl><attalias Sync="TRUE">Area</attalias><attrtype Sync="TRUE">Double</attrtype><attwidth Sync="TRUE">19</attwidth><atprecis Sync="TRUE">0</atprecis><attscale Sync="TRUE">0</attscale></attr><attr><attrlabl Sync="TRUE">Year</attrlabl><attalias Sync="TRUE">Year</attalias><attrtype Sync="TRUE">Integer</attrtype><attwidth Sync="TRUE">10</attwidth><atprecis Sync="TRUE">10</atprecis><attscale Sync="TRUE">0</attscale></attr></detailed></eainfo><mdDateSt Sync="TRUE">20220915</mdDateSt></metadata>
